{
  "project_info": {
    "project_number": "406071362318",
    "firebase_url": "https://extravision-viewer-android.firebaseio.com",
    "project_id": "extravision-viewer-android",
    "storage_bucket": "extravision-viewer-android.appspot.com"
  },
  "client": [
    {
      "client_info": {
        "mobilesdk_app_id": "1:406071362318:android:2f80795b333b5d3e",
        "android_client_info": {
          "package_name": "com.extravision.tracking"
        }
      },
      "oauth_client": [
        {
          "client_id": "406071362318-ggcgq994uq71n3b5qq2dn93nmqlr4map.apps.googleusercontent.com",
          "client_type": 3
        }
      ],
      "api_key": [
        {
          "current_key": "AIzaSyB1fs7utZqQELh-_YIcs86N4KHhIESVIMM"
        }
      ],
      "services": {
        "appinvite_service": {
          "other_platform_oauth_client": [
            {
              "client_id": "406071362318-ggcgq994uq71n3b5qq2dn93nmqlr4map.apps.googleusercontent.com",
              "client_type": 3
            }
          ]
        }
      }
    }
  ],
  "configuration_version": "1"
}
