{
  "project_info": {
    "project_id": "extravision-android-app",
    "project_number": "171329506162",
    "name": "Extravision Android App"
  },
  "client": [
    {
      "client_info": {
        "mobilesdk_app_id": "1:171329506162:android:78949671bc21fbfd",
        "client_id": "android:com.extravision.tracking",
        "client_type": 1,
        "android_client_info": {
          "package_name": "com.extravision.tracking"
        }
      },
      "oauth_client": [],
      "api_key": [],
      "services": {
        "analytics_service": {
          "status": 1
        },
        "cloud_messaging_service": {
          "status": 2,
          "apns_config": []
        },
        "appinvite_service": {
          "status": 1,
          "other_platform_oauth_client": []
        },
        "google_signin_service": {
          "status": 1
        },
        "ads_service": {
          "status": 1
        }
      }
    }
  ],
  "client_info": [],
  "ARTIFACT_VERSION": "1"
}